{
  "average": {
    "C2S_0000": {
      "total_samples": 5,
      "involved_constraint_count": {
        "mean": 23.4,
        "std": 4.277849927241488
      },
      "incs": {
        "mean": 4828.88,
        "std": 2232.108709718234
      },
      "AUPRC": {
        "mean": 0.6396824,
        "std": 0.007328104413830363
      },
      "actual_perturbation_count": {
        "mean": 513.2,
        "std": 0.0
      },
      "suspicious_count": {
        "mean": 825.4399999999999,
        "std": 58.00093102701023
      }
    },
    "C2S_1000": {
      "total_samples": 5,
      "involved_constraint_count": {
        "mean": 18.48,
        "std": 2.5163465580082565
      },
      "incs": {
        "mean": 3558.4,
        "std": 742.735444152223
      },
      "AUPRC": {
        "mean": 0.7012164,
        "std": 0.014413861533260266
      },
      "actual_perturbation_count": {
        "mean": 513.2,
        "std": 0.0
      },
      "suspicious_count": {
        "mean": 832.12,
        "std": 53.481323843001505
      }
    },
    "C2S_0100": {
      "total_samples": 5,
      "involved_constraint_count": {
        "mean": 24.16,
        "std": 3.070504844484047
      },
      "incs": {
        "mean": 6342.76,
        "std": 1620.4981234176112
      },
      "AUPRC": {
        "mean": 0.664645,
        "std": 0.027075496274306752
      },
      "actual_perturbation_count": {
        "mean": 513.2,
        "std": 0.0
      },
      "suspicious_count": {
        "mean": 917.24,
        "std": 141.2005240783475
      }
    },
    "C2S_0010": {
      "total_samples": 5,
      "involved_constraint_count": {
        "mean": 26.2,
        "std": 3.3196385345395667
      },
      "incs": {
        "mean": 8494.6,
        "std": 6650.263339146805
      },
      "AUPRC": {
        "mean": 0.6810912,
        "std": 0.026059555477789723
      },
      "actual_perturbation_count": {
        "mean": 513.2,
        "std": 0.0
      },
      "suspicious_count": {
        "mean": 1639.4,
        "std": 938.8675838476904
      }
    },
    "C2S_0001": {
      "total_samples": 5,
      "involved_constraint_count": {
        "mean": 25.12,
        "std": 4.936800583373811
      },
      "incs": {
        "mean": 5524.64,
        "std": 2117.9343918072627
      },
      "AUPRC": {
        "mean": 0.666034,
        "std": 0.023911081458185837
      },
      "actual_perturbation_count": {
        "mean": 513.2,
        "std": 0.0
      },
      "suspicious_count": {
        "mean": 1032.68,
        "std": 206.73570567272603
      }
    },
    "C2S_1111": {
      "total_samples": 5,
      "involved_constraint_count": {
        "mean": 24.04,
        "std": 1.5646085772486351
      },
      "incs": {
        "mean": 4347.2,
        "std": 797.2258525662597
      },
      "AUPRC": {
        "mean": 0.7087534,
        "std": 0.017099637314867237
      },
      "actual_perturbation_count": {
        "mean": 513.2,
        "std": 0.0
      },
      "suspicious_count": {
        "mean": 1286.9199999999998,
        "std": 68.73988652885602
      }
    }
  },
  "experiments": [
    {
      "experiment": "taxi_RQ3_1",
      "C2S_0000": {
        "total_samples": 5,
        "involved_constraint_count": {
          "mean": 24.0,
          "std": 0.0
        },
        "incs": {
          "mean": 8235.0,
          "std": 1237.978796
        },
        "AUPRC": {
          "mean": 0.637669,
          "std": 0.020274
        },
        "actual_perturbation_count": {
          "mean": 513.2,
          "std": 33.387123
        },
        "suspicious_count": {
          "mean": 844.0,
          "std": 132.414123
        }
      },
      "C2S_1000": {
        "total_samples": 5,
        "involved_constraint_count": {
          "mean": 18.2,
          "std": 0.447214
        },
        "incs": {
          "mean": 4254.0,
          "std": 585.551023
        },
        "AUPRC": {
          "mean": 0.703718,
          "std": 0.025879
        },
        "actual_perturbation_count": {
          "mean": 513.2,
          "std": 33.387123
        },
        "suspicious_count": {
          "mean": 845.4,
          "std": 131.97083
        }
      },
      "C2S_0100": {
        "total_samples": 5,
        "involved_constraint_count": {
          "mean": 25.0,
          "std": 0.0
        },
        "incs": {
          "mean": 8704.0,
          "std": 1295.301123
        },
        "AUPRC": {
          "mean": 0.646514,
          "std": 0.022596
        },
        "actual_perturbation_count": {
          "mean": 513.2,
          "std": 33.387123
        },
        "suspicious_count": {
          "mean": 1169.8,
          "std": 206.164255
        }
      },
      "C2S_0010": {
        "total_samples": 5,
        "involved_constraint_count": {
          "mean": 27.8,
          "std": 0.447214
        },
        "incs": {
          "mean": 9427.0,
          "std": 1304.341405
        },
        "AUPRC": {
          "mean": 0.690118,
          "std": 0.02282
        },
        "actual_perturbation_count": {
          "mean": 513.2,
          "std": 33.387123
        },
        "suspicious_count": {
          "mean": 1240.0,
          "std": 148.917763
        }
      },
      "C2S_0001": {
        "total_samples": 5,
        "involved_constraint_count": {
          "mean": 24.0,
          "std": 0.0
        },
        "incs": {
          "mean": 8236.0,
          "std": 1238.267136
        },
        "AUPRC": {
          "mean": 0.638071,
          "std": 0.020592
        },
        "actual_perturbation_count": {
          "mean": 513.2,
          "std": 33.387123
        },
        "suspicious_count": {
          "mean": 844.6,
          "std": 132.858195
        }
      },
      "C2S_1111": {
        "total_samples": 5,
        "involved_constraint_count": {
          "mean": 23.0,
          "std": 0.0
        },
        "incs": {
          "mean": 5602.4,
          "std": 734.103739
        },
        "AUPRC": {
          "mean": 0.719927,
          "std": 0.025924
        },
        "actual_perturbation_count": {
          "mean": 513.2,
          "std": 33.387123
        },
        "suspicious_count": {
          "mean": 1268.0,
          "std": 201.24736
        }
      }
    },
    {
      "experiment": "taxi_RQ3_2",
      "C2S_0000": {
        "total_samples": 5,
        "involved_constraint_count": {
          "mean": 24.0,
          "std": 0.0
        },
        "incs": {
          "mean": 4837.2,
          "std": 735.273215
        },
        "AUPRC": {
          "mean": 0.63973,
          "std": 0.014035
        },
        "actual_perturbation_count": {
          "mean": 513.2,
          "std": 33.387123
        },
        "suspicious_count": {
          "mean": 864.4,
          "std": 128.476846
        }
      },
      "C2S_1000": {
        "total_samples": 5,
        "involved_constraint_count": {
          "mean": 22.0,
          "std": 0.0
        },
        "incs": {
          "mean": 4372.2,
          "std": 571.015499
        },
        "AUPRC": {
          "mean": 0.723356,
          "std": 0.014873
        },
        "actual_perturbation_count": {
          "mean": 513.2,
          "std": 33.387123
        },
        "suspicious_count": {
          "mean": 875.4,
          "std": 131.014503
        }
      },
      "C2S_0100": {
        "total_samples": 5,
        "involved_constraint_count": {
          "mean": 24.0,
          "std": 0.0
        },
        "incs": {
          "mean": 5224.0,
          "std": 785.203477
        },
        "AUPRC": {
          "mean": 0.688141,
          "std": 0.020746
        },
        "actual_perturbation_count": {
          "mean": 513.2,
          "std": 33.387123
        },
        "suspicious_count": {
          "mean": 850.6,
          "std": 132.182828
        }
      },
      "C2S_0010": {
        "total_samples": 5,
        "involved_constraint_count": {
          "mean": 26.0,
          "std": 0.0
        },